{"initial_reset_timestamp": 1595498362.782676, "timestamps": [1595498368.5050688], "episode_lengths": [200], "episode_rewards": [200.0], "episode_types": ["t"]}