{"initial_reset_timestamp": 1595519699.7848437, "timestamps": [1595519705.7652197], "episode_lengths": [200], "episode_rewards": [200.0], "episode_types": ["t"]}