{"initial_reset_timestamp": 1595486039.2053807, "timestamps": [1595486043.216484], "episode_lengths": [200], "episode_rewards": [200.0], "episode_types": ["t"]}