{"initial_reset_timestamp": 1595422040.3554187, "timestamps": [1595422047.5995214], "episode_lengths": [200], "episode_rewards": [200.0], "episode_types": ["t"]}