{"initial_reset_timestamp": 1595484062.9949007, "timestamps": [1595484067.2960362], "episode_lengths": [200], "episode_rewards": [200.0], "episode_types": ["t"]}